LG,SONY,AMAZON
51.38007736206055,55.704734802246094,50.41087341308594
49.314361572265625,52.209808349609375,46.133583068847656
42.4677619934082,42.80704879760742,44.32161331176758
