{"-4.0": 0.04375261584936263, "-2.89": 0.042433831329080414, "-1.78": 0.04701901939017948, "-1.33": 0.08516968280996924, "-0.67": 0.11183495733458577, "-0.33": 0.30294532746330827, "0.0": 0.05451635733394385, "0.33": 0.09276232895194325, "0.67": 0.21956587953762707}