{"-4.0": 0.10593045481253884, "-2.5": 0.10347330508750571, "-1.5": 0.11309195034916115, "-1.0": 0.10215685082430588, "-0.67": 0.24185326731296516, "0.0": 0.053961884911226096, "0.33": 0.14389835976326956, "1.0": 0.13563392693902776}