{"-4.0": 0.11060327084241191, "-3.42": 0.12161117931487947, "-2.83": 0.12396115379439403, "-1.67": 0.13091815732367126, "-1.33": 0.0838560746256195, "-1.0": 0.1270294991853444, "-0.33": 0.06842655689450551, "0.33": 0.12829979417719783, "0.67": 0.06842655689450551, "1.0": 0.03686775694747064}