{"-4.0": 0.0773125845457784, "-3.23": 0.0775255668723508, "-2.45": 0.07425271972206686, "-1.67": 0.08228590869784601, "-1.33": 0.042065442114593926, "-1.0": 0.08553732758256334, "0.67": 0.305888921463732, "1.0": 0.10050635990951191, "1.33": 0.1546251690915568}