{"-4.0": 0.1379016210024873, "-3.42": 0.14454748225561923, "-2.84": 0.1419815506179455, "-1.67": 0.2525777058361346, "-1.33": 0.09915240518360657, "-1.0": 0.05580205128937858, "0.0": 0.022743964032637714, "0.33": 0.08079084866812386, "1.0": 0.06450237111406663}