{"-4.0": 0.029819557506479185, "-3.67": 0.031039795153803146, "-3.34": 0.030341399762842572, "-2.67": 0.06223876874429245, "-1.33": 0.03280151325712711, "-1.0": 0.019798629535296947, "-0.67": 0.36777454257991, "-0.33": 0.021633796622347646, "0.67": 0.40455199683790094}