{"-4.0": 0.09168782914747732, "-3.45": 0.09503061458514575, "-2.89": 0.09453822798107762, "-2.33": 0.10732869411969403, "-2.0": 0.18430179798331298, "-1.67": 0.061023003345645435, "-1.0": 0.024524029570360192, "0.33": 0.04333937767303559, "1.0": 0.05012603846249446, "1.33": 0.15865980869867813, "1.67": 0.08944057843307836}