LG,SONY,AMAZON
45.817596435546875,50.548095703125,48.76601028442383
43.80637741088867,47.07149887084961,43.733070373535156
42.1312141418457,45.247520446777344,45.611045837402344
