LG,SONY,AMAZON
48.707298278808594,49.86843490600586,48.53482437133789
49.81053161621094,49.14628982543945,47.4411506652832
44.584529876708984,45.768775939941406,45.53363037109375
